channel,u,v,mean_abs_diff,rmse
Y,0,0,12.761954655744969,985.6517015905011
Y,0,1,10.749842760876392,794.0679041461505
Y,0,2,10.184210711195052,746.8482474454744
Y,0,3,9.601756460332842,708.4446647972733
Y,1,0,14.651126624693495,1153.24257061153
Y,1,1,12.13404252569585,889.5293968814915
Y,1,2,11.760603366037222,848.0083788242758
Y,1,3,10.691732956255663,779.3556982293858
Y,2,0,15.71189264906627,1238.8062114006518
Y,2,1,13.32317678006643,977.4194617279013
Y,2,2,13.408860651054084,960.7488835975228
Y,2,3,11.831246819679011,862.7936641031245
Y,3,0,16.23036682584518,1287.0010808695456
Y,3,1,14.140290802670567,1054.7284281140498
Y,3,2,13.501896647170506,993.4284703352023
Y,3,3,12.561729981311034,926.8216000837593
U,0,0,1.3046170567839146,113.92268296127007
U,0,1,0.8938312584408961,77.73797624161057
U,0,2,0.7302971142070889,64.8039206002876
U,0,3,0.6072154714095606,54.62260489739786
U,1,0,1.5610509230064467,139.6024405365335
U,1,1,1.1334537884035214,100.09309829542067
U,1,2,0.9241905290405724,83.14328129171666
U,1,3,0.7372055450266867,68.09285854404494
U,2,0,1.6831750201923845,154.18995769567468
U,2,1,1.281447047957037,116.6572858210491
U,2,2,1.031405059810519,95.23865450195972
U,2,3,0.8315133843972484,80.23424834035374
U,3,0,1.7537763085579303,167.57604843180954
U,3,1,1.3538470579634627,129.38119041918196
U,3,2,1.107205637533309,107.77704044254875
U,3,3,0.8825300785851223,89.44718782553322
V,0,0,1.5558570745602847,140.1635363187665
V,0,1,1.0253078655333887,90.40930780007331
V,0,2,0.8098211143526435,72.51090092823932
V,0,3,0.6618866321735343,60.37864466388734
V,1,0,1.8586562632450838,168.87135730660964
V,1,1,1.3079733172580559,117.39532694331798
V,1,2,1.0240566272806266,94.48086827519015
V,1,3,0.804634247235973,76.33239727185871
V,2,0,1.9956510500954985,186.58953821748327
V,2,1,1.469669650477682,136.06350557461644
V,2,2,1.1443670767629146,109.04399526361935
V,2,3,0.897377742302373,88.4268569953832
V,3,0,2.058287334401113,204.19434921528696
V,3,1,1.5419119427124803,149.83042161595316
V,3,2,1.2065262412308173,120.64779601638416
V,3,3,0.9462636968287174,97.30098449248618
