pair,channel,mean_diff,std_diff,mae,rmse,min_diff,max_diff,max_abs_diff
0,Y,-0.11574103682164764,27.544196514469792,18.728603813913825,27.544439685993513,-271.6931838989258,273.7509994506836,273.7509994506836
0,U,0.0016003144360646016,0.6675268204904199,0.47913599517742167,0.6675287387673609,-4.374975204467773,5.930776119232178,5.930776119232178
0,V,0.0003108969873061737,0.5438814943494382,0.34317683391309,0.5438815832078842,-4.918019115924835,4.500001907348633,4.918019115924835
1,Y,-0.4702780402829058,24.821845510292864,18.02247815381079,24.82630008623956,-241.2369589805603,243.625,243.625
1,U,0.020911913174464773,1.275098165097065,0.6907133268708207,1.275269633742809,-19.160886526107788,20.568745613098145,20.568745613098145
1,V,-0.010016091470697909,1.1886493198032826,0.660086757255978,1.1886915190902791,-22.530773401260376,21.209596633911133,22.530773401260376
2,Y,-0.5483624173243036,17.764496525608465,11.74208240918972,17.772958058496876,-264.44452238082886,135.14704132080078,264.44452238082886
2,U,-0.019691565552450663,1.009374748260562,0.6331823212326215,1.0095668081806073,-12.124996185302734,14.457428693771362,14.457428693771362
2,V,0.004563787788442887,0.91263903101481,0.6081556154930391,0.9126504418947208,-10.083404541015625,11.257508754730225,11.257508754730225
3,Y,-0.13093156814003915,17.389992881447416,12.864587621109491,17.39048577505319,-168.4485740661621,151.24999809265137,168.4485740661621
3,U,0.008935472830948381,2.1036964946734806,0.8799894532261864,2.1037154713449735,-54.99769973754883,46.855703830718994,54.99769973754883
3,V,-0.009985543448675771,2.157165661729445,0.9766978975892516,2.157188773200574,-56.93713355064392,50.473952770233154,56.93713355064392
4,Y,-0.3321914784399459,11.75724122540901,7.62832232385869,11.76193319190367,-204.15182495117188,151.5,204.15182495117188
4,U,0.0009356321053381485,1.2598258910177054,0.7940602917380858,1.2598262384495698,-16.74275302886963,13.606017112731934,16.74275302886963
4,V,-0.00010132767604585312,1.5548656690650964,0.9735364878152434,1.5548656723667635,-15.139544010162354,19.28740692138672,19.28740692138672
5,Y,-0.12002474238691256,22.190403835965814,16.339585366203522,22.190728431983285,-147.03076934814453,161.2638988494873,161.2638988494873
5,U,-0.0011008466866345593,1.7220877879459355,1.105447210336759,1.7220881398046826,-21.64153480529785,18.485227346420288,21.64153480529785
5,V,0.01458045822687504,1.3935251017018464,0.9239087700323471,1.3936013773081768,-13.123652458190918,16.875011444091797,16.875011444091797
6,Y,-0.19416764828821179,26.355892660267664,19.687342576245427,26.35660788104556,-230.88858890533447,181.0989351272583,230.88858890533447
6,U,0.011337707707190246,1.1667864085005772,0.7048782416744716,1.1668414916678824,-19.32221007347107,20.9999942779541,20.9999942779541
6,V,0.004747461916485018,1.4731502459222754,0.8417173201515449,1.4731578956294904,-33.85887002944946,28.231224060058594,33.85887002944946
7,Y,-0.06907944669315962,27.437698383468764,19.91287097796794,27.437785343430324,-249.91471481323242,329.0702438354492,329.0702438354492
7,U,-0.011157185107289991,4.716999356977878,2.476679195219321,4.7170125520830695,-52.50762701034546,58.907416343688965,58.907416343688965
7,V,0.029767131039764996,4.026759825168575,2.099648664723828,4.026869847869681,-53.96652579307556,42.55813789367676,53.96652579307556
8,Y,-0.07166643532544063,17.58666415821958,13.50442479070556,17.586810179562338,-112.11936116218567,109.99998474121094,112.11936116218567
8,U,-0.0004422647007435881,0.4149250453533611,0.27294135087968996,0.4149252810561852,-3.1146974563598633,3.763171911239624,3.763171911239624
8,V,0.0010925506773936298,0.5047078646726322,0.3226476809331502,0.5047090472038228,-4.875003814697266,4.477287769317627,4.875003814697266
9,Y,-0.48083660207464973,16.79645150615304,12.006745103311106,16.80333261696755,-210.31900691986084,164.882306098938,210.31900691986084
9,U,0.0008575702420012668,2.8596730947877083,1.926398617335131,2.859673223373508,-48.35244178771973,42.6190071105957,48.35244178771973
9,V,0.005852789431520319,2.6198766059940106,1.716289476971433,2.6198831435349983,-26.95466136932373,35.892842292785645,35.892842292785645
10,Y,-0.24003657477523976,19.354281797472424,14.343454156519325,19.355770236629755,-199.7436227798462,156.02959823608398,199.7436227798462
10,U,0.0026631570760307813,0.9001279268278237,0.634856123134792,0.9001318664845543,-8.62314486503601,14.448613166809082,14.448613166809082
10,V,-0.006239395703393926,1.1900178301104658,0.76714433343789,1.1900341869205124,-21.359322547912598,11.30394172668457,21.359322547912598
11,Y,-0.11336007668332068,18.70961361579294,14.217411930636658,18.709957032533513,-152.37499618530273,140.51423263549805,152.37499618530273
11,U,0.0014212471795988207,1.7002826302693734,1.227842604590048,1.7002832242715575,-17.986486196517944,14.198691606521606,17.986486196517944
11,V,0.004411136915553909,1.9208687386832495,1.1081887051790917,1.9208738036059176,-40.324886322021484,45.25001525878906,45.25001525878906
12,Y,-0.20695008318608196,23.688603542211705,16.083727733057962,23.689507511069444,-267.9651184082031,216.14749145507812,267.9651184082031
12,U,0.010816948809524213,1.7660643487150232,1.0407699090308118,1.7660974747119051,-41.07824921607971,33.89213943481445,41.07824921607971
12,V,-0.014265116270426183,2.215422523464265,1.2680311793622616,2.2154684495643306,-43.1250114440918,45.32895851135254,45.32895851135254
13,Y,-0.38270650547917856,23.331733517327805,16.778695908212413,23.334872041494762,-246.94012069702148,215.87273406982422,246.94012069702148
13,U,0.00400482784596541,1.590613850657208,0.9715611839747674,1.5906188923021838,-20.568754196166992,22.17110586166382,22.17110586166382
13,V,0.015614281635218467,2.0269853111857588,1.219566054752704,2.0270454502930644,-30.393194556236267,35.87645149230957,35.87645149230957
14,Y,-0.3988328202940169,22.179323443332777,16.38417680155799,22.182909097377525,-215.07486152648926,178.62776947021484,215.07486152648926
14,U,0.003753536918004295,0.745908719799123,0.5058301581004031,0.7459181639508192,-15.009067475795746,10.000005722045898,15.009067475795746
14,V,-0.00891756951439823,1.2235275664897167,0.7626810336400661,1.22356006350579,-16.268231093883514,18.574100494384766,18.574100494384766
15,Y,-0.009278875299158404,21.312938385880457,14.615606148790876,21.31294040572214,-193.40133213996887,222.93284606933594,222.93284606933594
15,U,0.0018042829346349755,2.449222457390306,1.5629075292007641,2.449223121976011,-28.753175735473633,23.778271198272705,28.753175735473633
15,V,-0.002752832121070212,1.9638239308712562,1.3829902756373882,1.9638258602909067,-18.244625747203827,22.325642108917236,22.325642108917236
16,Y,-0.49075482903573936,17.709374010177697,13.315032666510008,17.71617250239394,-161.59070205688477,137.24999237060547,161.59070205688477
16,U,-0.01147854309389967,0.4833920519908349,0.3265239421427112,0.4835283165228987,-4.0,3.4529350996017456,4.0
16,V,0.001507791928624418,0.48034880945524694,0.3147207974596888,0.48035117589277654,-4.640612483024597,4.3371803760528564,4.640612483024597
17,Y,-0.2605190774416915,5.958537811221915,3.587295496891751,5.964230297152544,-117.66311693191528,41.25,117.66311693191528
17,U,-0.03366069734795276,0.8664140661417951,0.5189286047385729,0.8670676885654944,-16.968894362449646,9.500007629394531,16.968894362449646
17,V,0.032378619952679315,0.9120968644024473,0.5640488472208793,0.912671389429304,-6.077667474746704,13.71410784125328,13.71410784125328
18,Y,-0.8760056721911791,37.740080937505056,28.02253095365168,37.75024629200641,-290.8447265625,243.28531646728516,290.8447265625
18,U,0.008253650025978807,2.2758610090749527,1.5547083706840863,2.2758759753919837,-29.182278156280518,35.37498092651367,35.37498092651367
18,V,0.012098670601047322,3.1371451955979004,2.0910779139812075,3.1371685252936765,-31.250003814697266,49.94835686683655,49.94835686683655
19,Y,-0.2022338661374181,22.31897541829216,16.024607315130112,22.319891627401386,-180.61956787109375,153.37903213500977,180.61956787109375
19,U,-0.0013982926069699686,2.2886535908147074,1.5816268034747825,2.2886540179702277,-22.999982833862305,21.786465167999268,22.999982833862305
19,V,0.013201554480588164,2.9517147565385105,1.9391788166410486,2.9517442783899663,-24.000009536743164,28.380131721496582,28.380131721496582
20,Y,-0.726096787425152,25.038982388015537,16.313717590358866,25.049508090420883,-338.27528381347656,306.2214050292969,338.27528381347656
20,U,0.00830256116626937,3.7134662914561694,2.3066050552695017,3.713475572870132,-49.248634338378906,48.4999885559082,49.248634338378906
20,V,-0.02928680346513189,4.733123836777879,2.856176293686424,4.7332144438142825,-57.08123779296875,46.25366473197937,57.08123779296875
21,Y,-0.6095892917702724,22.03674086836007,14.636180493164758,22.045170609543757,-244.75442123413086,216.97935009002686,244.75442123413086
21,U,0.0026093348628176655,1.4829212755302061,0.8659420152036112,1.4829235712094404,-26.75,19.6249942779541,26.75
21,V,-0.004054062043556175,1.9579876536511032,1.0663187396140719,1.9579918506646563,-37.12499809265137,26.283318758010864,37.12499809265137
22,Y,-0.23948296197331084,22.175370293579594,15.6720429610589,22.176663404273597,-175.97363662719727,272.63451385498047,272.63451385498047
22,U,-0.0009473854831056542,3.004416518601072,1.4912100083278026,3.0044166679710456,-38.831930696964264,39.37463092803955,39.37463092803955
22,V,0.0006073010545449183,2.207947133155348,1.2613458614878788,2.2079472166751386,-52.04116916656494,31.832582473754883,52.04116916656494
23,Y,-0.19387534165435968,17.244686558093612,12.89634396263308,17.245776356400892,-127.6304931640625,150.6264910697937,150.6264910697937
23,U,-0.002031865414330761,3.003028000277642,1.5830419612284614,3.0030286876632726,-60.383609771728516,49.08895492553711,60.383609771728516
23,V,0.009200346493378383,3.551768408602461,1.760210438315613,3.5517803246712845,-53.749996185302734,61.625009536743164,61.625009536743164
24,Y,-0.18485369023604667,11.336452322807837,7.495171908616079,11.33795934699402,-129.9999885559082,182.8994197845459,182.8994197845459
24,U,0.003778437270675773,1.2051964681554852,0.6751306324744153,1.2052023910707546,-19.40837961435318,15.816936135292053,19.40837961435318
24,V,-0.003233967393324237,2.5454683482331504,1.2030573242740212,2.545470402578255,-65.87499618530273,57.75656342506409,65.87499618530273
25,Y,-0.28106259281093027,22.699064553222172,15.740213658742423,22.700804562226974,-226.0400505065918,165.7464599609375,226.0400505065918
25,U,0.004640103243142947,2.0800009539416986,1.1309951659203166,2.080006129547815,-25.375001907348633,26.505489826202393,26.505489826202393
25,V,-0.002210166648983884,1.7740441878353088,1.0400603066339764,1.7740455645864501,-34.86332106590271,37.78457832336426,37.78457832336426
26,Y,-0.5237251053017461,29.974302221389355,21.045288260097504,29.97887725791462,-277.85374450683594,362.0,362.0
26,U,0.04166932258099183,1.9078050020917663,1.2452014835506229,1.9082600080834693,-19.931884765625,28.31529140472412,28.31529140472412
26,V,-0.03046718946588464,2.5357363898671257,1.424798332330935,2.535919416805336,-40.58470106124878,40.06471920013428,40.58470106124878
27,Y,-0.17360562706081323,17.422559171232482,12.82124800306035,17.423424089106142,-164.24998474121094,142.87499809265137,164.24998474121094
27,U,0.016420386112868102,2.006344397267262,1.4314975801113905,2.0064115902590443,-16.362057715654373,16.63803206384182,16.63803206384182
27,V,0.004005885702840745,2.0472519581827227,1.3921662849455687,2.047255877364443,-20.999996185302734,27.113953113555908,27.113953113555908
28,Y,-0.32182863800448724,20.838889002981173,15.381043216780197,20.841373960245747,-211.87499618530273,156.3257293701172,211.87499618530273
28,U,-0.013954729135812164,1.7717591103672046,1.160961183631203,1.7718140646338831,-17.5072922706604,19.889426708221436,19.889426708221436
28,V,0.011595554259157944,2.1873310949762703,1.4268390408640252,2.187361830134344,-27.831268072128296,23.226314544677734,27.831268072128296
29,Y,-0.2164161808193574,20.118026577759906,13.297777370258737,20.119190573847007,-331.3749694824219,213.87440490722656,331.3749694824219
29,U,-0.011463396819097495,1.2493297594652573,0.6651168875897132,1.249382350344421,-15.769624710083008,17.77870202064514,17.77870202064514
29,V,-0.01050687274841561,3.0390021153401583,1.3056805897328199,3.0390202782174565,-47.6847357749939,63.94350242614746,63.94350242614746
30,Y,-0.1630776788018028,7.254102382887584,5.1537891506593825,7.255935205797989,-91.67496490478516,60.56796646118164,91.67496490478516
30,U,0.004674205196089988,1.5952751907717755,0.9235925484834141,1.595282038539311,-30.963236331939697,26.249998092651367,30.963236331939697
30,V,0.0018486178829927276,1.0155154580382584,0.6611873417527456,1.015517140624781,-10.750015258789062,10.650650262832642,10.750015258789062
31,Y,-0.10129717041975447,17.50505400052025,12.281816632606686,17.505347088186085,-245.37500190734863,253.70040893554688,253.70040893554688
31,U,-0.006317481070190069,1.0719130718869718,0.6215734438339151,1.0719316882382182,-17.3747878074646,15.63801196217537,17.3747878074646
31,V,0.004601986622701245,1.361271608807368,0.7306244505407526,1.361279387644533,-27.118085145950317,29.37497329711914,29.37497329711914
32,Y,-0.45274418240220876,18.931961237156102,13.548379617838178,18.937373988488485,-221.1454119682312,96.19521141052246,221.1454119682312
32,U,-0.008747039047120559,1.04310757603551,0.6284773663399603,1.0431442497923136,-9.250011444091797,10.830389261245728,10.830389261245728
32,V,0.0043918999627100145,1.0593510380063653,0.6312457905696186,1.059360142024631,-12.386323392391205,13.874994277954102,13.874994277954102
33,Y,-0.2311807714167984,31.85926151990988,22.135399800160034,31.86010026887993,-283.90189361572266,400.48104095458984,400.48104095458984
33,U,-0.03225474877482114,4.519313653238013,2.4963974774747237,4.519428754296503,-86.8749885559082,78.50000953674316,86.8749885559082
33,V,0.0013181919686350483,5.127644167723698,2.4103864437816043,5.127644337161161,-127.87497138977051,168.3496265411377,168.3496265411377
34,Y,-0.535090529592874,14.617336455776424,9.255794893062589,14.627127090998783,-176.46724700927734,156.69654846191406,176.46724700927734
34,U,0.009557097814311107,3.015377749406511,1.761631458192283,3.0153928947542648,-40.54988503456116,37.551281332969666,40.54988503456116
34,V,-0.011543979141335791,3.652955765313392,2.208388005709851,3.6529740057644497,-38.95431995391846,48.1022424697876,48.1022424697876
35,Y,-0.4947087169745547,13.352474415099282,6.2977677716145015,13.361635742697503,-258.9816770553589,163.87498092651367,258.9816770553589
35,U,0.0055385185334905366,1.3148315041443468,0.7756008351823056,1.3148431691566984,-18.206995010375977,20.53392270207405,20.53392270207405
35,V,-0.005959966256156915,1.8006168709366677,0.9998272993662886,1.8006267345287115,-26.750003814697266,27.95896339416504,27.95896339416504
36,Y,-0.22987322443874172,21.11566527462973,14.389265792386556,21.11691648156799,-253.25,251.39782810211182,253.25
36,U,-0.0126025681540182,0.7160722187729609,0.44712965731435717,0.7161831101209438,-10.779141902923584,7.939850687980652,10.779141902923584
36,V,0.011983454767207868,0.8751680231121839,0.5230222136246178,0.8752500624771448,-9.471195608377457,18.399144172668457,18.399144172668457
37,Y,-0.4278294896260422,22.914908085012186,13.20758596072121,22.9189016014457,-387.46270751953125,344.37498474121094,387.46270751953125
37,U,0.0036053637377412985,1.2059720237265883,0.6041870732834582,1.205977412996978,-58.12500762939453,34.10345268249512,58.12500762939453
37,V,-0.015538061389709895,1.8026984426863086,0.8503406412429928,1.8027654053191149,-39.846171140670776,47.651888847351074,47.651888847351074
38,Y,-0.27524700624643256,11.934197855160498,6.748121490768118,11.937371543206865,-258.30433082580566,215.875,258.30433082580566
38,U,-0.0007536114380782326,0.8397914550007528,0.42204188168986595,0.8397917931383237,-20.440256118774414,22.4716215133667,22.4716215133667
38,V,0.016800926125726368,1.1521741958772682,0.6185008342243413,1.152296684350047,-17.87500762939453,21.92656135559082,21.92656135559082
39,Y,-0.4731730953900227,24.315376191388115,18.16404324565868,24.31997968968981,-206.41374126076698,117.9684830904007,206.41374126076698
39,U,0.006707795181049126,0.5274637118238731,0.3651947785265354,0.5275063618642042,-7.192905783653259,5.858313798904419,7.192905783653259
39,V,-0.0031387699784936,0.8715411431138307,0.5906623026484089,0.8715467950816758,-11.8855881690979,18.375,18.375
40,Y,-0.5924223941416884,19.214103031975736,10.77834067317976,19.223233849081165,-295.99454498291016,237.3750114440918,295.99454498291016
40,U,-0.007069939533981221,2.0559851572155123,1.1416960695307306,2.055997312920304,-30.056920528411865,23.058174431324005,30.056920528411865
40,V,0.005343642100321329,2.2882845554911584,1.3059147986636965,2.2882907947658806,-38.41186487674713,43.62499809265137,43.62499809265137
41,Y,-0.02619041684585818,12.356041886085665,9.049848811484356,12.356069643241655,-82.62369865179062,93.99999809265137,93.99999809265137
41,U,0.006423714963921888,0.5595389185866354,0.21687900555342848,0.5595757906906258,-9.325677156448364,9.383720874786377,9.383720874786377
41,V,-0.004827991505422935,0.536576584675074,0.2612763671324323,0.5365983048086747,-8.624998092651367,9.726757526397705,9.726757526397705
42,Y,-0.4516056878390221,12.783406922277516,7.16955887469406,12.791381482772737,-224.9790210723877,141.19340133666992,224.9790210723877
42,U,-0.02480323228989132,1.5923774398244315,1.0973876038702053,1.5925705984959777,-13.52276086807251,16.88002109527588,16.88002109527588
42,V,0.02125885359439469,1.2691920003277715,0.834037773004559,1.269370029799096,-12.797033786773682,15.746392011642456,15.746392011642456
43,Y,-0.775530810998315,20.859362747395135,13.117613619991829,20.873774509326857,-284.33198642730713,279.9999771118164,284.33198642730713
43,U,0.031517478283159685,1.835301271323399,0.7733895570735257,1.8355718749094556,-38.49551963806152,36.05930137634277,38.49551963806152
43,V,-0.0433709045391891,5.518680404894677,1.5782945708835505,5.518850826642174,-135.42643356323242,134.69919967651367,135.42643356323242
44,Y,-0.4354638604328573,18.52130692204868,9.527286125249175,18.526425420854164,-250.8749942779541,250.00977325439453,250.8749942779541
44,U,0.006970917045790248,1.7942272806158166,1.0540049587290214,1.794240822239447,-20.656782746315002,22.683127999305725,22.683127999305725
44,V,0.007014803488751039,3.9698331733252794,2.005517020283585,3.9698393709949826,-59.24764156341553,61.675416469573975,61.675416469573975
45,Y,-0.3481667945875959,19.378842098918547,14.24652886414358,19.38196948743009,-277.0250244140625,236.62499618530273,277.0250244140625
45,U,0.0038346526822173417,0.6489495469481259,0.4098558702302665,0.6489608763595623,-10.352020740509033,8.888927936553955,10.352020740509033
45,V,-0.004191982688947391,0.8026098767155831,0.5035577424340726,0.8026208238765477,-12.500005722045898,10.750007629394531,12.500005722045898
46,Y,-0.08147061701145913,17.256316560792,11.614890422618448,17.256508879483718,-189.9999771118164,179.14167976379395,189.9999771118164
46,U,-0.0189746819784729,3.637478816421343,1.8363814083621584,3.6375283062087918,-45.48630332946777,41.9124870300293,45.48630332946777
46,V,-0.01959445358905221,4.375924799896288,2.2057964602339744,4.375968669558641,-53.87500762939453,39.875,53.87500762939453
47,Y,-0.2788242939868483,10.758385493661242,5.754456262110357,10.761998021610017,-181.46053099632263,146.58112812042236,181.46053099632263
47,U,-0.0054263262483342355,2.610240989398553,1.2861002110845947,2.6102466296794424,-42.239469051361084,67.39925813674927,67.39925813674927
47,V,-0.013346529639347975,3.0693574263129566,1.6782844658719314,3.0693864436261378,-63.51839256286621,46.75638484954834,63.51839256286621
48,Y,-0.30917059429205956,18.448144374402798,13.293207935466484,18.450734871955223,-221.63933634757996,127.30217790603638,221.63933634757996
48,U,0.03580891865444223,2.4643302826223152,1.6043254849260824,2.4645904366658122,-28.001393169164658,23.84195464849472,28.001393169164658
48,V,-0.020302732094882082,3.3202269136070397,2.094566604264529,3.320288987237564,-47.624996185302734,41.09189414978027,47.624996185302734
49,Y,-0.027242562244316707,23.169473339549555,17.032408194268953,23.169489355384922,-167.21175861358643,174.25424194335938,174.25424194335938
49,U,-0.009555161818865517,2.1381627052893655,1.4178852424048343,2.138184055549878,-17.48161506652832,28.181947708129883,28.181947708129883
49,V,0.009821859989757762,2.902046221339525,1.5247824690990317,2.902062842139135,-56.375,52.325706481933594,56.375
